Workbook

Sheet SampleInfo
A1: RawSeqID | B1: SampleID | C1: Coverage | D1: Sex | E1: Breed | F1: Registration | G1: SireBreed | H1: SireReg | I1: DamBreed | J1: DamReg | K1: Info
A2: MH_WGS_H1_112 | B2: MH-112 | C2: =SUMIF(QCOverview!$B:$B,B2,QCOverview!$G:$G) -> 25.055914 | D2: M | E2: Angus | F2: NA | G2: Angus | H2: 18205024 | I2: Angus | J2: 19728012 | K2: Maddie's microbiome steers
A3: MH_WGS_E1_1912 | B3: MH-1912 | C3: =SUMIF(QCOverview!$B:$B,B3,QCOverview!$G:$G) -> 21.87533 | D3: M | E3: Angus | F3: NA | G3: Angus | H3: 19573709 | I3: Angus | J3: 17710574 | K3: Maddie's microbiome steers
A4: MH_WGS_D1_192 | B4: MH-192 | C4: =SUMIF(QCOverview!$B:$B,B4,QCOverview!$G:$G) -> 20.236082 | D4: M | E4: Angus | F4: NA | G4: Angus | H4: 19551197 | I4: Angus | J4: 19727953 | K4: Maddie's microbiome steers
A5: MH_WGS_C1_1972 | B5: MH-1972 | C5: =SUMIF(QCOverview!$B:$B,B5,QCOverview!$G:$G) -> 23.404217 | D5: M | E5: Angus | F5: NA | G5: Angus | H5: 19479475 | I5: Angus | J5: 18198705 | K5: Maddie's microbiome steers
A6: WGS1_H2_2392_HennigerSteer3 | B6: MH-2392 | C6: =SUMIF(QCOverview!$B:$B,B6,QCOverview!$G:$G) -> 8.0973336 | D6: M | E6: Angus | F6: NA | G6: Angus | H6: 19526770 | I6: Angus | J6: 18542444 | K6: Maddie's microbiome steers
A7: MH_WGS_A1_2572 | B7: MH-2572 | C7: =SUMIF(QCOverview!$B:$B,B7,QCOverview!$G:$G) -> 25.305518 | D7: M | E7: Angus | F7: NA | G7: Angus | H7: 19573709 | I7: Angus | J7: 18881806 | K7: Maddie's microbiome steers
A8: MH_WGS_G1_3292 | B8: MH-3292 | C8: =SUMIF(QCOverview!$B:$B,B8,QCOverview!$G:$G) -> 21.610656 | D8: M | E8: Angus | F8: NA | G8: Angus | H8: 18881708 | I8: Angus | J8: 19549924 | K8: Maddie's microbiome steers
A9: MH_WGS_F1_3392 | B9: MH-3392 | C9: =SUMIF(QCOverview!$B:$B,B9,QCOverview!$G:$G) -> 21.92697 | D9: M | E9: Angus | F9: NA | G9: Angus | H9: 19815552 | I9: Angus | J9: 18881723 | K9: Maddie's microbiome steers
A10: MH_WGS_B1_472 | B10: MH-472 | C10: =SUMIF(QCOverview!$B:$B,B10,QCOverview!$G:$G) -> 23.406278 | D10: M | E10: Angus | F10: NA | G10: Angus | H10: 19815550 | I10: Angus | J10: 19728412 | K10: Maddie's microbiome steers
A11: RowanHet_Angus_7777 | B11: ROW-7777 | C11: =SUMIF(QCOverview!$B:$B,B11,QCOverview!$G:$G) -> 12.6316 | D11: F | E11: Angus | K11: Troy's heterosis cattle
A12: RowanHet_Angus_7785 | B12: ROW-7785 | C12: =SUMIF(QCOverview!$B:$B,B12,QCOverview!$G:$G) -> 10.348 | D12: F | E12: Angus | K12: Troy's heterosis cattle
A13: RowanHet_Angus_7792 | B13: ROW-7792 | C13: =SUMIF(QCOverview!$B:$B,B13,QCOverview!$G:$G) -> 14.155778 | D13: F | E13: Angus | K13: Troy's heterosis cattle
A14: RowanHet_Angus_7797 | B14: ROW-7797 | C14: =SUMIF(QCOverview!$B:$B,B14,QCOverview!$G:$G) -> 11.134474 | D14: F | E14: Angus | K14: Troy's heterosis cattle
A15: RowanHet_Angus_7798 | B15: ROW-7798 | C15: =SUMIF(QCOverview!$B:$B,B15,QCOverview!$G:$G) -> 11.535693 | D15: F | E15: Angus | K15: Troy's heterosis cattle
A16: RowanHet_Angus_7799_Beever240927 | B16: ROW-7799 | C16: =SUMIF(QCOverview!$B:$B,B16,QCOverview!$G:$G) -> 16.443176 | D16: F | E16: Angus | K16: Troy's heterosis cattle
A17: RowanHet_Angus_7800 | B17: ROW-7800 | C17: =SUMIF(QCOverview!$B:$B,B17,QCOverview!$G:$G) -> 11.86988 | D17: F | E17: Angus | K17: Troy's heterosis cattle
A18: WGS2_E9_7852_RowanBrahCow | B18: ROW-7852 | C18: =SUMIF(QCOverview!$B:$B,B18,QCOverview!$G:$G) -> 9.8636359 | D18: F | E18: Brahman | K18: Troy's heterosis cattle
A19: WGS2_F9_7854_RowanBrahCow | B19: ROW-7854 | C19: =SUMIF(QCOverview!$B:$B,B19,QCOverview!$G:$G) -> 13.859262 | D19: F | E19: Brahman | K19: Troy's heterosis cattle
A20: WGS2_G9_7855_RowanBrahCow | B20: ROW-7855 | C20: =SUMIF(QCOverview!$B:$B,B20,QCOverview!$G:$G) -> 14.658148 | D20: F | E20: Brahman | K20: Troy's heterosis cattle
A21: WGS2_H9_7856_RowanBrahCow | B21: ROW-7856 | C21: =SUMIF(QCOverview!$B:$B,B21,QCOverview!$G:$G) -> 11.63953 | D21: F | E21: Brahman | K21: Troy's heterosis cattle
A22: WGS2_A10_7857_RowanBrahCow | B22: ROW-7857 | C22: =SUMIF(QCOverview!$B:$B,B22,QCOverview!$G:$G) -> 10.668061 | D22: F | E22: Brahman | K22: Troy's heterosis cattle
... A61: WGS2_B9_TM_RowanHetSemen_2024 | B61: ROW-BullTM | C61: =SUMIF(QCOverview!$B:$B,B61,QCOverview!$G:$G) -> 30.61111 | D61: M | E61: Brahman? | K61: TetonManso?
A62: WGS2_A1_230929 | B62: UIUC-145A | C62: =SUMIF(QCOverview!$B:$B,B62,QCOverview!$G:$G) -> 14.000845 | D62: F | E62: Charolais | F62: NA | G62: Charolais | H62: M606732 | I62: Simmental | J62: 9723316 | K62: qq.1
A63: WGSBeever_175A_A1 | B63: UIUC-175A | C63: =SUMIF(QCOverview!$B:$B,B63,QCOverview!$G:$G) -> 19.31161 | D63: M | E63: Charolais | F63: NA | G63: Charolais | H63: M669488 | I63: Simmental | J63: 9695103 | K63: qq.7
A64: WGS2_B1_230929 | B64: UIUC-177A | C64: =SUMIF(QCOverview!$B:$B,B64,QCOverview!$G:$G) -> 11.641192 | D64: M | E64: Charolais | F64: NA | G64: Charolais | H64: EM777360 | I64: Simmental | J64: 9581645 | K64: QQ.7
A65: WGS2_C1_230929 | B65: UIUC-234A | C65: =SUMIF(QCOverview!$B:$B,B65,QCOverview!$G:$G) -> 15.715586 | D65: M | E65: Charolais | F65: NA | G65: Charolais | H65: M470827 | I65: Simmental | J65: 8873419 | K65: qq.16
A66: WGS2_D1_230929 | B66: UIUC-238A | C66: =SUMIF(QCOverview!$B:$B,B66,QCOverview!$G:$G) -> 16.23949 | D66: F | E66: Charolais | F66: NA | G66: Charolais | H66: M669488 | I66: Simmental | J66: 9723438 | K66: qq.2
A67: WGS2_E1_230929 | B67: UIUC-243A | C67: =SUMIF(QCOverview!$B:$B,B67,QCOverview!$G:$G) -> 15.071078 | D67: M | E67: Charolais | F67: NA | G67: Charolais | H67: M669488 | I67: Simmental | J67: 9723226 | K67: qq.8
A68: WGS2_F1_230929 | B68: UIUC-267A | C68: =SUMIF(QCOverview!$B:$B,B68,QCOverview!$G:$G) -> 13.475672 | D68: F | E68: Charolais | F68: NA | G68: Charolais | H68: M669488 | I68: Simmental | J68: 9581602 | K68: qq.3
A69: WGS2_G1_230929 | B69: UIUC-268A | C69: =SUMIF(QCOverview!$B:$B,B69,QCOverview!$G:$G) -> 14.590001 | D69: F | E69: Charolais | F69: NA | G69: Charolais | H69: M726505 | I69: Simmental | J69: 9134957 | K69: QQ.1
A70: WGS2_H1_230929 | B70: UIUC-283A | C70: =SUMIF(QCOverview!$B:$B,B70,QCOverview!$G:$G) -> 12.95679 | D70: F | E70: Charolais | F70: NA | G70: Charolais | H70: M508800 | I70: Simmental | J70: 9583157 | K70: QQ.2
A71: WGS2_A2_230929 | B71: UIUC-322A | C71: =SUMIF(QCOverview!$B:$B,B71,QCOverview!$G:$G) -> 13.044015 | D71: M | E71: Charolais | F71: NA | G71: Charolais | H71: M736773 | I71: Simmental | J71: 9583112 | K71: QQ.8
A72: WGS2_B2_230929 | B72: UIUC-323A | C72: =SUMIF(QCOverview!$B:$B,B72,QCOverview!$G:$G) -> 12.991626 | D72: M | E72: Charolais | F72: NA | G72: Charolais | H72: M606732 | I72: Simmental | J72: 9562559 | K72: qq.17
A73: WGS2_C2_230929 | B73: UIUC-329A | C73: =SUMIF(QCOverview!$B:$B,B73,QCOverview!$G:$G) -> 12.474839 | D73: M | E73: Charolais | F73: NA | G73: Charolais | H73: M508800 | I73: Simmental | J73: 9581523 | K73: QQ.9
... A88: WGS2_B4_230929 | B88: UIUC-482A | C88: =SUMIF(QCOverview!$B:$B,B88,QCOverview!$G:$G) -> 14.568875 | D88: F | E88: Charolais | F88: NA | G88: Charolais | H88: M606732 | I88: Simmental | J88: 9583132 | K88: qq.6
A89: WGSBeever_UI3061_B1 | B89: UIUC-485A | C89: =SUMIF(QCOverview!$B:$B,B89,QCOverview!$G:$G) -> 19.479863 | D89: F | E89: Charolais | F89: NA | G89: NA | H89: NA | I89: NA | J89: NA | K89: QQ.4
A90: WGS2_C4_230929 | B90: UIUC-487A | C90: =SUMIF(QCOverview!$B:$B,B90,QCOverview!$G:$G) -> 14.593596 | D90: M | E90: Charolais | F90: NA | G90: Charolais | H90: M745957 | I90: Simmental | J90: 9695018 | K90: QQ.18
A91: WGS2_D4_230929 | B91: UIUC-502A | C91: =SUMIF(QCOverview!$B:$B,B91,QCOverview!$G:$G) -> 16.479188 | D91: M | E91: Charolais | F91: NA | G91: Charolais | H91: M773446 | I91: Simmental | J91: 9637906 | K91: QQ.12
A92: WGS2_E4_230929 | B92: UIUC-522A | C92: =SUMIF(QCOverview!$B:$B,B92,QCOverview!$G:$G) -> 12.735641 | D92: F | E92: Charolais | F92: NA | G92: Charolais | H92: M773446 | I92: Simmental | J92: 9053132 | K92: QQ.5
A93: WGS2_F4_230929 | B93: UIUC-525A | C93: =SUMIF(QCOverview!$B:$B,B93,QCOverview!$G:$G) -> 11.467264 | D93: M | E93: Charolais | F93: NA | G93: Charolais | H93: M669488 | I93: Simmental | J93: 9723517 | K93: qq.12
A94: WGS2_G4_230929 | B94: UIUC-533A | C94: =SUMIF(QCOverview!$B:$B,B94,QCOverview!$G:$G) -> 12.980235 | D94: F | E94: Charolais | F94: NA | G94: Charolais | H94: M470827 | I94: Simmental | J94: 9574571 | K94: qq.15
A95: WGS2_H4_230929 | B95: UIUC-536A | C95: =SUMIF(QCOverview!$B:$B,B95,QCOverview!$G:$G) -> 10.929354 | D95: F | E95: Charolais | F95: NA | G95: Charolais | H95: M726505 | I95: Simmental | J95: 9574426 | K95: QQ.6
A96: WGS2_A5_230929 | B96: UIUC-543A | C96: =SUMIF(QCOverview!$B:$B,B96,QCOverview!$G:$G) -> 11.919959 | D96: F | E96: Charolais | F96: NA | G96: Charolais | H96: M726505 | I96: Simmental | J96: 9637910 | K96: QQ.14
A97: WGS2_B5_230929 | B97: UIUC-554A | C97: =SUMIF(QCOverview!$B:$B,B97,QCOverview!$G:$G) -> 14.591099 | D97: F | E97: Charolais | F97: NA | G97: Charolais | H97: M773446 | I97: Simmental | J97: 9046653 | K97: QQ.15
A98: JB-0337 | B98: JB-0337 | C98: =SUMIF(QCOverview!$B:$B,B98,QCOverview!$G:$G) -> 12.408121 | D98: F | E98: Hereford | F98: 42479335 | G98: Hereford | H98: 42089187 | I98: Hereford | J98: 42064199 | K98: cancer eye
A99: JB-0371 | B99: JB-0371 | C99: =SUMIF(QCOverview!$B:$B,B99,QCOverview!$G:$G) -> 11.769785 | D99: F | E99: Hereford | F99: 42180587 | G99: Hereford | H99: 18950672 | I99: Hereford | J99: 19413816 | K99: cancer eye
A100: JB-0375 | B100: JB-0375 | C100: =SUMIF(QCOverview!$B:$B,B100,QCOverview!$G:$G) -> 10.798586 | D100: F | E100: Hereford | F100: 42286105 | K100: cancer eye
A101: JB-0426 | B101: JB-0426 | C101: =SUMIF(QCOverview!$B:$B,B101,QCOverview!$G:$G) -> 10.918588 | D101: F | E101: Hereford | F101: 42283376 | K101: cancer eye
A102: JB-0427 | B102: JB-0427 | C102: =SUMIF(QCOverview!$B:$B,B102,QCOverview!$G:$G) -> 9.141184 | D102: F | E102: Hereford | F102: 42387477 | K102: cancer eye
A103: JB-0454 | B103: JB-0454 | C103: =SUMIF(QCOverview!$B:$B,B103,QCOverview!$G:$G) -> 10.597706 | E103: Hereford | K103: cancer eye
A104: JB-0455 | B104: JB-0455 | C104: =SUMIF(QCOverview!$B:$B,B104,QCOverview!$G:$G) -> 12.448472 | D104: F | E104: Hereford | F104: 42433121 | G104: Hereford | H104: 19570089 | I104: Hereford | J104: 40052827 | K104: cancer eye
A105: JB-0456 | B105: JB-0456 | C105: =SUMIF(QCOverview!$B:$B,B105,QCOverview!$G:$G) -> 10.279599 | D105: F | E105: Hereford | F105: 42582560 | K105: cancer eye
A106: JB-0470 | B106: JB-0470 | C106: =SUMIF(QCOverview!$B:$B,B106,QCOverview!$G:$G) -> 10.908084 | D106: M | E106: Hereford | F106: 43091715 | K106: cancer eye
A107: JB-0478 | B107: JB-0478 | C107: =SUMIF(QCOverview!$B:$B,B107,QCOverview!$G:$G) -> 12.055973 | D107: F | E107: Hereford | F107: 43187460 | K107: cancer eye
A108: JB-0564 | B108: JB-0564 | C108: =SUMIF(QCOverview!$B:$B,B108,QCOverview!$G:$G) -> 12.052168 | D108: F | E108: Hereford | F108: C02754216 | G108: Hereford | H108: C02631509 | I108: Hereford | J108: C02625048 | K108: cancer eye
A109: JB-0567 | B109: JB-0567 | C109: =SUMIF(QCOverview!$B:$B,B109,QCOverview!$G:$G) -> 9.7735044 | D109: F | E109: Hereford | F109: C02827714 | K109: cancer eye
A110: JB-0577 | B110: JB-0577 | C110: =SUMIF(QCOverview!$B:$B,B110,QCOverview!$G:$G) -> 10.903347 | D110: F | E110: Hereford | F110: C02888197 | K110: cancer eye
A111: JB-0584 | B111: JB-0584 | C111: =SUMIF(QCOverview!$B:$B,B111,QCOverview!$G:$G) -> 10.741756 | D111: M | E111: Hereford | F111: C02904582 | K111: cancer eye
A112: JB-0585 | B112: JB-0585 | C112: =SUMIF(QCOverview!$B:$B,B112,QCOverview!$G:$G) -> 11.081133 | D112: F | E112: Hereford | F112: C02910895 | K112: cancer eye
A113: JB-0592 | B113: JB-0592 | C113: =SUMIF(QCOverview!$B:$B,B113,QCOverview!$G:$G) -> 9.5942497 | D113: F | E113: Hereford | F113: C02932463 | K113: cancer eye
A114: JB-0615 | B114: JB-0615 | C114: =SUMIF(QCOverview!$B:$B,B114,QCOverview!$G:$G) -> 11.876499 | E114: Hereford | K114: cancer eye
A115: JB-0617 | B115: JB-0617 | C115: =SUMIF(QCOverview!$B:$B,B115,QCOverview!$G:$G) -> 11.898996 | E115: Hereford | K115: cancer eye
A116: JB-0624 | B116: JB-0624 | C116: =SUMIF(QCOverview!$B:$B,B116,QCOverview!$G:$G) -> 11.987538 | D116: M | E116: Hereford | F116: 20010477 | K116: cancer eye
A117: JB-0625 | B117: JB-0625 | C117: =SUMIF(QCOverview!$B:$B,B117,QCOverview!$G:$G) -> 9.3358818 | D117: M | E117: Hereford | F117: 20010479 | K117: cancer eye
A118: JB-0630 | B118: JB-0630 | C118: =SUMIF(QCOverview!$B:$B,B118,QCOverview!$G:$G) -> 11.545973 | D118: M | E118: Hereford | F118: 20030552 | K118: cancer eye
A119: JB-0634 | B119: JB-0634 | C119: =SUMIF(QCOverview!$B:$B,B119,QCOverview!$G:$G) -> 12.069629 | D119: M | E119: Hereford | F119: 20040376 | K119: cancer eye
A120: JB-0637 | B120: JB-0637 | C120: =SUMIF(QCOverview!$B:$B,B120,QCOverview!$G:$G) -> 10.518826 | D120: M | E120: Hereford | F120: 20050408 | K120: cancer eye
A121: JB-0654 | B121: JB-0654 | C121: =SUMIF(QCOverview!$B:$B,B121,QCOverview!$G:$G) -> 13.82854 | D121: F | E121: Hereford | F121: 42753350 | G121: Hereford | H121: 42228848 | I121: Hereford | J121: 42203628 | K121: cancer eye
A122: JB-0655 | B122: JB-0655 | C122: =SUMIF(QCOverview!$B:$B,B122,QCOverview!$G:$G) -> 11.495263 | D122: F | E122: Hereford | F122: 42930462 | G122: Hereford | H122: 42009650 | I122: Hereford | J122: 42347231 | K122: cancer eye
A123: JB-0657 | B123: JB-0657 | C123: =SUMIF(QCOverview!$B:$B,B123,QCOverview!$G:$G) -> 9.9395723 | D123: F | E123: Hereford | F123: 42656173 | K123: cancer eye
A124: JB-0713 | B124: JB-0713 | C124: =SUMIF(QCOverview!$B:$B,B124,QCOverview!$G:$G) -> 15.799651 | D124: F | E124: Hereford | F124: 43187498 | G124: Hereford | H124: 23710473 | I124: Hereford | J124: 42795461 | K124: scurs
A125: JB-0714 | B125: JB-0714 | C125: =SUMIF(QCOverview!$B:$B,B125,QCOverview!$G:$G) -> 18.774217 | D125: F | E125: Hereford | F125: 43286263 | G125: Hereford | H125: 42528669 | I125: Hereford | J125: 43136336 | K125: scurs
A126: JB-0825 | B126: JB-0825 | C126: =SUMIF(QCOverview!$B:$B,B126,QCOverview!$G:$G) -> 12.619454 | D126: F | E126: Hereford | F126: 42622659 | G126: Hereford | H126: 42254372 | I126: Hereford | J126: 41116279 | K126: cancer eye
A127: JB-0920 | B127: JB-0920 | C127: =SUMIF(QCOverview!$B:$B,B127,QCOverview!$G:$G) -> 12.515785 | D127: F | E127: Hereford | F127: 43429351 | G127: Hereford | H127: 42651401 | I127: Hereford | J127: 42937124 | K127: scurs
A128: JB-0922 | B128: JB-0922 | C128: =SUMIF(QCOverview!$B:$B,B128,QCOverview!$G:$G) -> 9.5938767 | D128: F | E128: Hereford | F128: 43429342 | K128: dermoid
A129: JB-0930 | B129: JB-0930 | C129: =SUMIF(QCOverview!$B:$B,B129,QCOverview!$G:$G) -> 11.690651 | E129: Hereford | K129: scurs
A130: JB-1041 | B130: JB-1041 | C130: =SUMIF(QCOverview!$B:$B,B130,QCOverview!$G:$G) -> 10.870415 | E130: Hereford | K130: dermoid
A131: JB-1063 | B131: JB-1063 | C131: =SUMIF(QCOverview!$B:$B,B131,QCOverview!$G:$G) -> 11.597328 | E131: Hereford | K131: cancer eye
A132: JB-1068 | B132: JB-1068 | C132: =SUMIF(QCOverview!$B:$B,B132,QCOverview!$G:$G) -> 11.58905 | D132: F | E132: Hereford | F132: 42742297 | K132: cancer eye
A133: JB-1069 | B133: JB-1069 | C133: =SUMIF(QCOverview!$B:$B,B133,QCOverview!$G:$G) -> 13.826085 | D133: F | E133: Hereford | F133: 42704372 | G133: Hereford | H133: 42408287 | I133: Hereford | J133: 42499153 | K133: cancer eye
A134: JB-1070 | B134: JB-1070 | C134: =SUMIF(QCOverview!$B:$B,B134,QCOverview!$G:$G) -> 10.928581 | D134: F | E134: Hereford | F134: 42704393 | K134: cancer eye
A135: JB-1071 | B135: JB-1071 | C135: =SUMIF(QCOverview!$B:$B,B135,QCOverview!$G:$G) -> 12.524337 | D135: F | E135: Hereford | F135: 42729157 | G135: Hereford | H135: 42408070 | I135: Hereford | J135: 42495927 | K135: cancer eye
A136: JB-1072 | B136: JB-1072 | C136: =SUMIF(QCOverview!$B:$B,B136,QCOverview!$G:$G) -> 12.603154 | D136: F | E136: Hereford | F136: 43167660 | G136: Hereford | H136: 43154257 | I136: Hereford | J136: 43167174 | K136: cancer eye
A137: JB-1074 | B137: JB-1074 | C137: =SUMIF(QCOverview!$B:$B,B137,QCOverview!$G:$G) -> 13.378195 | D137: F | E137: Hereford | F137: 42919462 | G137: Hereford | H137: 42674348 | I137: Hereford | J137: 42408049 | K137: cancer eye
A138: JB-1077 | B138: JB-1077 | C138: =SUMIF(QCOverview!$B:$B,B138,QCOverview!$G:$G) -> 11.490366 | D138: F | E138: Hereford | F138: 42899425 | K138: cancer eye
A139: JB-1078 | B139: JB-1078 | C139: =SUMIF(QCOverview!$B:$B,B139,QCOverview!$G:$G) -> 11.835144 | D139: F | E139: Hereford | F139: 43243420 | G139: Hereford | H139: 42675715 | I139: Hereford | J139: 42747306 | K139: cancer eye
A140: JB-1128 | B140: JB-1128 | C140: =SUMIF(QCOverview!$B:$B,B140,QCOverview!$G:$G) -> 12.954784 | D140: F | E140: Hereford | F140: 43411687 | G140: Hereford | H140: 42426386 | I140: Hereford | J140: 42896680 | K140: scurs
A141: JB-1130 | B141: JB-1130 | C141: =SUMIF(QCOverview!$B:$B,B141,QCOverview!$G:$G) -> 12.031968 | D141: M | E141: Hereford | F141: 43564326 | K141: dermoid
A142: JB-1133 | B142: JB-1133 | C142: =SUMIF(QCOverview!$B:$B,B142,QCOverview!$G:$G) -> 11.720042 | D142: F | E142: Hereford | F142: 43274896 | G142: Hereford | H142: 42593659 | I142: Hereford | J142: 42584488 | K142: cancer eye
A143: UTIA-0011 | B143: UTIA-0011 | C143: =SUMIF(QCOverview!$B:$B,B143,QCOverview!$G:$G) -> 11.298707 | D143: F | E143: Hereford | F143: 44110225 | K143: scurs
A144: UTIA-0012 | B144: UTIA-0012 | C144: =SUMIF(QCOverview!$B:$B,B144,QCOverview!$G:$G) -> 14.126389 | D144: F | E144: Hereford | F144: 44110194 | G144: Hereford | H144: 43772308 | I144: Hereford | J144: 43559285 | K144: scurs
A145: UTIA-0013 | B145: UTIA-0013 | C145: =SUMIF(QCOverview!$B:$B,B145,QCOverview!$G:$G) -> 8.6174309 | D145: F | E145: Hereford | F145: 44110201 | K145: scurs
A146: UTIA-0014 | B146: UTIA-0014 | C146: =SUMIF(QCOverview!$B:$B,B146,QCOverview!$G:$G) -> 12.474559 | D146: F | E146: Hereford | F146: 44063070 | G146: Hereford | H146: 43311175 | I146: Hereford | J146: 43722703 | K146: scurs
A147: UTIA-0015 | B147: UTIA-0015 | C147: =SUMIF(QCOverview!$B:$B,B147,QCOverview!$G:$G) -> 11.786051 | D147: F | E147: Hereford | F147: 43559285 | G147: Hereford | H147: 42896690 | I147: Hereford | J147: 42795461 | K147: scurs
A148: UTIA-0020 | B148: UTIA-0020 | C148: =SUMIF(QCOverview!$B:$B,B148,QCOverview!$G:$G) -> 13.173449 | D148: F | E148: Hereford | F148: 43799316 | G148: Hereford | H148: 43591829 | I148: Hereford | J148: 43429346 | K148: scurs
A149: UTIA-0021 | B149: UTIA-0021 | C149: =SUMIF(QCOverview!$B:$B,B149,QCOverview!$G:$G) -> 11.097334 | D149: F | E149: Hereford | F149: 43847559 | K149: scurs
A150: UTIA-0022 | B150: UTIA-0022 | C150: =SUMIF(QCOverview!$B:$B,B150,QCOverview!$G:$G) -> 11.94862 | D150: F | E150: Hereford | F150: 43091711 | G150: Hereford | H150: 42444860 | I150: Hereford | J150: 42920227 | K150: scurs
A151: UTIA-0026 | B151: UTIA-0026 | C151: =SUMIF(QCOverview!$B:$B,B151,QCOverview!$G:$G) -> 12.616463 | D151: F | E151: Hereford | F151: 43521610 | G151: Hereford | H151: 43081556 | I151: Hereford | J151: 43286263 | K151: scurs
A152: UTIA-0027 | B152: UTIA-0027 | C152: =SUMIF(QCOverview!$B:$B,B152,QCOverview!$G:$G) -> 11.071784 | D152: F | E152: Hereford | F152: 43707490 | K152: scurs
...

Sheet QCOverview
A1: RawSeqID | B1: SampleID | C1: SeqGroup | D1: Info | E1: QC Fail? | F1: TotalRawSeqs | G1: MaxPosCoverage
A2: Brink_A3_230828 | B2: Brink-H041 | C2: 230828_Mix1 | D2: brachygnathia | F2: =SUMIF(raw_seqs!$B:$B, A2, raw_seqs!$C:$C)+SUMIF(raw_seqs!$B:$B, A2, raw_seqs!$D:$D) -> 232612734 | G2: =(F2*150)/2700000000 -> 12.92293
A3: Brink_B3_230828 | B3: Brink-J1035 | C3: 230828_Mix1 | D3: brachygnathia | F3: =SUMIF(raw_seqs!$B:$B, A3, raw_seqs!$C:$C)+SUMIF(raw_seqs!$B:$B, A3, raw_seqs!$D:$D) -> 226646810 | G3: =(F3*150)/2700000000 -> 12.591489
A4: Brink_C3_230828 | B4: Brink-J1041 | C4: 230828_Mix1 | D4: brachygnathia | F4: =SUMIF(raw_seqs!$B:$B, A4, raw_seqs!$C:$C)+SUMIF(raw_seqs!$B:$B, A4, raw_seqs!$D:$D) -> 221512420 | G4: =(F4*150)/2700000000 -> 12.306246
A5: Brink_D3_230828 | B5: Brink-J1052 | C5: 230828_Mix1 | D5: brachygnathia | F5: =SUMIF(raw_seqs!$B:$B, A5, raw_seqs!$C:$C)+SUMIF(raw_seqs!$B:$B, A5, raw_seqs!$D:$D) -> 204350992 | G5: =(F5*150)/2700000000 -> 11.352833
A6: Brink_E3_230828 | B6: Brink-Z204 | C6: 230828_Mix1 | D6: brachygnathia | F6: =SUMIF(raw_seqs!$B:$B, A6, raw_seqs!$C:$C)+SUMIF(raw_seqs!$B:$B, A6, raw_seqs!$D:$D) -> 188606464 | G6: =(F6*150)/2700000000 -> 10.478137
A7: Brink_F3_230828 | B7: Brink-calf1 | C7: 230828_Mix1 | D7: brachygnathia | F7: =SUMIF(raw_seqs!$B:$B, A7, raw_seqs!$C:$C)+SUMIF(raw_seqs!$B:$B, A7, raw_seqs!$D:$D) -> 177169780 | G7: =(F7*150)/2700000000 -> 9.8427656
A8: Brink_G3_230828 | B8: Brink-calf2 | C8: 230828_Mix1 | D8: brachygnathia | F8: =SUMIF(raw_seqs!$B:$B, A8, raw_seqs!$C:$C)+SUMIF(raw_seqs!$B:$B, A8, raw_seqs!$D:$D) -> 235744656 | G8: =(F8*150)/2700000000 -> 13.096925
A9: Brink_H3_230828 | B9: Brink-calf3 | C9: 230828_Mix1 | D9: brachygnathia | F9: =SUMIF(raw_seqs!$B:$B, A9, raw_seqs!$C:$C)+SUMIF(raw_seqs!$B:$B, A9, raw_seqs!$D:$D) -> 248576000 | G9: =(F9*150)/2700000000 -> 13.809778
A10: MixWGS1_1A10_230828 | B10: ASA-2474338 | C10: 230828_Mix1 | D10: ASA bull | F10: =SUMIF(raw_seqs!$B:$B, A10, raw_seqs!$C:$C)+SUMIF(raw_seqs!$B:$B, A10, raw_seqs!$D:$D) -> 462470634 | G10: =(F10*150)/2700000000 -> 25.692813
A11: MixWGS1_1A11_230828 | B11: ASA-2559346 | C11: 230828_Mix1 | D11: ASA bull | F11: =SUMIF(raw_seqs!$B:$B, A11, raw_seqs!$C:$C)+SUMIF(raw_seqs!$B:$B, A11, raw_seqs!$D:$D) -> 166919554 | G11: =(F11*150)/2700000000 -> 9.2733086
A12: MixWGS1_1A12_230828 | B12: ASA-2720494 | C12: 230828_Mix1 | D12: ASA bull | F12: =SUMIF(raw_seqs!$B:$B, A12, raw_seqs!$C:$C)+SUMIF(raw_seqs!$B:$B, A12, raw_seqs!$D:$D) -> 233678094 | G12: =(F12*150)/2700000000 -> 12.982116
A13: MixWGS1_1A4_230828 | B13: UTIA-0110 | C13: 230828_Mix1 | D13: eye pigmentation | F13: =SUMIF(raw_seqs!$B:$B, A13, raw_seqs!$C:$C)+SUMIF(raw_seqs!$B:$B, A13, raw_seqs!$D:$D) -> 174946264 | G13: =(F13*150)/2700000000 -> 9.7192369
... A29: MixWGS1_1C9_230828 | B29: ASA-2180592 | C29: 230828_Mix1 | D29: ASA bull | F29: =SUMIF(raw_seqs!$B:$B, A29, raw_seqs!$C:$C)+SUMIF(raw_seqs!$B:$B, A29, raw_seqs!$D:$D) -> 194190850 | G29: =(F29*150)/2700000000 -> 10.788381
A30: MixWGS1_1D10_230828 | B30: ASA-2728015 | C30: 230828_Mix1 | D30: ASA bull | E30: GC Content | F30: =SUMIF(raw_seqs!$B:$B, A30, raw_seqs!$C:$C)+SUMIF(raw_seqs!$B:$B, A30, raw_seqs!$D:$D) -> 190901458 | G30: =(F30*150)/2700000000 -> 10.605637
A31: MixWGS1_1D11_230828 | B31: ASA-2409687 | C31: 230828_Mix1 | D31: ASA bull | F31: =SUMIF(raw_seqs!$B:$B, A31, raw_seqs!$C:$C)+SUMIF(raw_seqs!$B:$B, A31, raw_seqs!$D:$D) -> 260093970 | G31: =(F31*150)/2700000000 -> 14.449665
A32: MixWGS1_1D12_230828 | B32: ASA-2757819 | C32: 230828_Mix1 | D32: ASA bull | F32: =SUMIF(raw_seqs!$B:$B, A32, raw_seqs!$C:$C)+SUMIF(raw_seqs!$B:$B, A32, raw_seqs!$D:$D) -> 198783256 | G32: =(F32*150)/2700000000 -> 11.043514
A33: MixWGS1_1D2_230828 | B33: UTIA-0222 | C33: 230828_Mix1 | D33: cancer eye | F33: =SUMIF(raw_seqs!$B:$B, A33, raw_seqs!$C:$C)+SUMIF(raw_seqs!$B:$B, A33, raw_seqs!$D:$D) -> 256598092 | G33: =(F33*150)/2700000000 -> 14.25545
A34: MixWGS1_1D4_230828 | B34: UTIA-0113 | C34: 230828_Mix1 | D34: eye pigmentation | F34: =SUMIF(raw_seqs!$B:$B, A34, raw_seqs!$C:$C)+SUMIF(raw_seqs!$B:$B, A34, raw_seqs!$D:$D) -> 255109018 | G34: =(F34*150)/2700000000 -> 14.172723
A35: MixWGS1_1D5_230828 | B35: UTIA-0156 | C35: 230828_Mix1 | D35: hypotrichosis | F35: =SUMIF(raw_seqs!$B:$B, A35, raw_seqs!$C:$C)+SUMIF(raw_seqs!$B:$B, A35, raw_seqs!$D:$D) -> 188073344 | G35: =(F35*150)/2700000000 -> 10.448519
A36: MixWGS1_1D6_230828 | B36: UTIA-0151 | C36: 230828_Mix1 | D36: cryptorchidism | F36: =SUMIF(raw_seqs!$B:$B, A36, raw_seqs!$C:$C)+SUMIF(raw_seqs!$B:$B, A36, raw_seqs!$D:$D) -> 258318032 | G36: =(F36*150)/2700000000 -> 14.351002
A37: MixWGS1_1D8_230828 | B37: ASA-2224042 | C37: 230828_Mix1 | D37: ASA bull | F37: =SUMIF(raw_seqs!$B:$B, A37, raw_seqs!$C:$C)+SUMIF(raw_seqs!$B:$B, A37, raw_seqs!$D:$D) -> 187952516 | G37: =(F37*150)/2700000000 -> 10.441806
A38: MixWGS1_1D9_230828 | B38: ASA-2588250 | C38: 230828_Mix1 | D38: ASA bull | F38: =SUMIF(raw_seqs!$B:$B, A38, raw_seqs!$C:$C)+SUMIF(raw_seqs!$B:$B, A38, raw_seqs!$D:$D) -> 220120000 | G38: =(F38*150)/2700000000 -> 12.228889
A39: MixWGS1_1E10_230828 | B39: ASA-2725666 | C39: 230828_Mix1 | D39: ASA bull | F39: =SUMIF(raw_seqs!$B:$B, A39, raw_seqs!$C:$C)+SUMIF(raw_seqs!$B:$B, A39, raw_seqs!$D:$D) -> 170920382 | G39: =(F39*150)/2700000000 -> 9.4955768
A40: MixWGS1_1E11_230828 | B40: ASA-2531081 | C40: 230828_Mix1 | D40: ASA bull | F40: =SUMIF(raw_seqs!$B:$B, A40, raw_seqs!$C:$C)+SUMIF(raw_seqs!$B:$B, A40, raw_seqs!$D:$D) -> 151664104 | G40: =(F40*150)/2700000000 -> 8.4257836
A41: MixWGS1_1E12_230828 | B41: ASA-2646300 | C41: 230828_Mix1 | D41: ASA bull | F41: =SUMIF(raw_seqs!$B:$B, A41, raw_seqs!$C:$C)+SUMIF(raw_seqs!$B:$B, A41, raw_seqs!$D:$D) -> 184974978 | G41: =(F41*150)/2700000000 -> 10.276388
A42: MixWGS1_1E2_230828 | B42: UTIA-0223 | C42: 230828_Mix1 | D42: cancer eye | F42: =SUMIF(raw_seqs!$B:$B, A42, raw_seqs!$C:$C)+SUMIF(raw_seqs!$B:$B, A42, raw_seqs!$D:$D) -> 205781872 | G42: =(F42*150)/2700000000 -> 11.432326
... A107: WGS2_H4_230929 | B107: UIUC-536A | C107: 230929_Charolais | D107: QQ.6 | F107: =SUMIF(raw_seqs!$B:$B, A107, raw_seqs!$C:$C)+SUMIF(raw_seqs!$B:$B, A107, raw_seqs!$D:$D) -> 196728374 | G107: =(F107*150)/2700000000 -> 10.929354
A108: WGS3_A1_570_HennigerSteer5_2024 | C108: 240212_AngusSteers1 | E108: Insufficient Coverage | F108: =SUMIF(raw_seqs!$B:$B, A108, raw_seqs!$C:$C)+SUMIF(raw_seqs!$B:$B, A108, raw_seqs!$D:$D) -> 34614160 | G108: =(F108*150)/2700000000 -> 1.9230089
A109: WGS3_A10_2710_HennigerSteer5_2024 | C109: 240212_AngusSteers1 | E109: Insufficient Coverage | F109: =SUMIF(raw_seqs!$B:$B, A109, raw_seqs!$C:$C)+SUMIF(raw_seqs!$B:$B, A109, raw_seqs!$D:$D) -> 29887684 | G109: =(F109*150)/2700000000 -> 1.6604269
A110: WGS3_A11_1850_HennigerSteer5_2024 | C110: 240212_AngusSteers1 | E110: Insufficient Coverage | F110: =SUMIF(raw_seqs!$B:$B, A110, raw_seqs!$C:$C)+SUMIF(raw_seqs!$B:$B, A110, raw_seqs!$D:$D) -> 31408496 | G110: =(F110*150)/2700000000 -> 1.7449164
A111: WGS3_A12_1430_HennigerSteer5_2024 | C111: 240212_AngusSteers1 | E111: Insufficient Coverage | F111: =SUMIF(raw_seqs!$B:$B, A111, raw_seqs!$C:$C)+SUMIF(raw_seqs!$B:$B, A111, raw_seqs!$D:$D) -> 33743260 | G111: =(F111*150)/2700000000 -> 1.8746256
A112: WGS3_A2_1910_HennigerSteer5_2024 | C112: 240212_AngusSteers1 | E112: Insufficient Coverage | F112: =SUMIF(raw_seqs!$B:$B, A112, raw_seqs!$C:$C)+SUMIF(raw_seqs!$B:$B, A112, raw_seqs!$D:$D) -> 31909940 | G112: =(F112*150)/2700000000 -> 1.7727744
A113: WGS3_A3_2810_HennigerSteer5_2024 | C113: 240212_AngusSteers1 | E113: Insufficient Coverage | F113: =SUMIF(raw_seqs!$B:$B, A113, raw_seqs!$C:$C)+SUMIF(raw_seqs!$B:$B, A113, raw_seqs!$D:$D) -> 35086524 | G113: =(F113*150)/2700000000 -> 1.9492513
A114: WGS3_A4_1750_HennigerSteer5_2024 | C114: 240212_AngusSteers1 | E114: Insufficient Coverage | F114: =SUMIF(raw_seqs!$B:$B, A114, raw_seqs!$C:$C)+SUMIF(raw_seqs!$B:$B, A114, raw_seqs!$D:$D) -> 28165920 | G114: =(F114*150)/2700000000 -> 1.5647733
A115: WGS3_A5_3_HennigerSteer5_2024 | C115: 240212_AngusSteers1 | E115: Insufficient Coverage | F115: =SUMIF(raw_seqs!$B:$B, A115, raw_seqs!$C:$C)+SUMIF(raw_seqs!$B:$B, A115, raw_seqs!$D:$D) -> 32953602 | G115: =(F115*150)/2700000000 -> 1.8307557
A116: WGS3_A6_1310_HennigerSteer5_2024 | C116: 240212_AngusSteers1 | E116: Insufficient Coverage | F116: =SUMIF(raw_seqs!$B:$B, A116, raw_seqs!$C:$C)+SUMIF(raw_seqs!$B:$B, A116, raw_seqs!$D:$D) -> 38220794 | G116: =(F116*150)/2700000000 -> 2.1233774
A117: WGS3_A7_1890_HennigerSteer5_2024 | C117: 240212_AngusSteers1 | E117: Insufficient Coverage | F117: =SUMIF(raw_seqs!$B:$B, A117, raw_seqs!$C:$C)+SUMIF(raw_seqs!$B:$B, A117, raw_seqs!$D:$D) -> 36693650 | G117: =(F117*150)/2700000000 -> 2.0385361
A118: WGS3_A8_2150_HennigerSteer5_2024 | C118: 240212_AngusSteers1 | E118: Insufficient Coverage | F118: =SUMIF(raw_seqs!$B:$B, A118, raw_seqs!$C:$C)+SUMIF(raw_seqs!$B:$B, A118, raw_seqs!$D:$D) -> 29364044 | G118: =(F118*150)/2700000000 -> 1.6313358
A119: WGS3_A9_2550_HennigerSteer5_2024 | C119: 240212_AngusSteers1 | E119: Insufficient Coverage | F119: =SUMIF(raw_seqs!$B:$B, A119, raw_seqs!$C:$C)+SUMIF(raw_seqs!$B:$B, A119, raw_seqs!$D:$D) -> 25331228 | G119: =(F119*150)/2700000000 -> 1.4072904
... A203: WGS3_H9_3030_HennigerSteer5_2024 | C203: 240212_AngusSteers1 | E203: Insufficient Coverage | F203: =SUMIF(raw_seqs!$B:$B, A203, raw_seqs!$C:$C)+SUMIF(raw_seqs!$B:$B, A203, raw_seqs!$D:$D) -> 30776376 | G203: =(F203*150)/2700000000 -> 1.7097987
A204: WGS2_A9_A_RowanHetSemen_2024 | B204: ROW-BullA | C204: 240212_HetBulls | D204: EllingsonAccelerate? | F204: =SUMIF(raw_seqs!$B:$B, A204, raw_seqs!$C:$C)+SUMIF(raw_seqs!$B:$B, A204, raw_seqs!$D:$D) -> 540572870 | G204: =(F204*150)/2700000000 -> 30.031826
A205: WGS2_B9_TM_RowanHetSemen_2024 | B205: ROW-BullTM | C205: 240212_HetBulls | D205: TetonManso? | F205: =SUMIF(raw_seqs!$B:$B, A205, raw_seqs!$C:$C)+SUMIF(raw_seqs!$B:$B, A205, raw_seqs!$D:$D) -> 550999982 | G205: =(F205*150)/2700000000 -> 30.61111
A206: WGS2_C9_M_RowanHetSemen_2024 | B206: ROW-BullM | C206: 240212_HetBulls | D206: Messenger? | F206: =SUMIF(raw_seqs!$B:$B, A206, raw_seqs!$C:$C)+SUMIF(raw_seqs!$B:$B, A206, raw_seqs!$D:$D) -> 528797702 | G206: =(F206*150)/2700000000 -> 29.37765
A207: WGS2_D9_JM_RowanHetSemen_2024 | B207: ROW-BullJM | C207: 240212_HetBulls | D207: UnionManso? | F207: =SUMIF(raw_seqs!$B:$B, A207, raw_seqs!$C:$C)+SUMIF(raw_seqs!$B:$B, A207, raw_seqs!$D:$D) -> 468799588 | G207: =(F207*150)/2700000000 -> 26.044422
A208: WGS2_G8_CI_RowanHetSemen_2024 | B208: ROW-BullCI | C208: 240212_HetBulls | D208: ConneallyImpression? | F208: =SUMIF(raw_seqs!$B:$B, A208, raw_seqs!$C:$C)+SUMIF(raw_seqs!$B:$B, A208, raw_seqs!$D:$D) -> 699361634 | G208: =(F208*150)/2700000000 -> 38.853424
A209: WGS2_H8_ABBA_RowanHetSemen_2024 | B209: ROW-BullABBA | C209: 240212_HetBulls | D209: J&MSterling? | F209: =SUMIF(raw_seqs!$B:$B, A209, raw_seqs!$C:$C)+SUMIF(raw_seqs!$B:$B, A209, raw_seqs!$D:$D) -> 507688156 | G209: =(F209*150)/2700000000 -> 28.204898
A210: WGS1_A1_2712_HennigerSteer3 | C210: 240429_AngusSteers2 | E210: Insufficient Coverage | F210: =SUMIF(raw_seqs!$B:$B, A210, raw_seqs!$C:$C)+SUMIF(raw_seqs!$B:$B, A210, raw_seqs!$D:$D) -> 35198580 | G210: =(F210*150)/2700000000 -> 1.9554767
A211: WGS1_A10_2051_HennigerSteer3 | C211: 240429_AngusSteers2 | E211: Insufficient Coverage | F211: =SUMIF(raw_seqs!$B:$B, A211, raw_seqs!$C:$C)+SUMIF(raw_seqs!$B:$B, A211, raw_seqs!$D:$D) -> 59316948 | G211: =(F211*150)/2700000000 -> 3.295386
A212: WGS1_A11_2952_HennigerSteer3 | C212: 240429_AngusSteers2 | E212: Insufficient Coverage | F212: =SUMIF(raw_seqs!$B:$B, A212, raw_seqs!$C:$C)+SUMIF(raw_seqs!$B:$B, A212, raw_seqs!$D:$D) -> 58217258 | G212: =(F212*150)/2700000000 -> 3.2342921
A213: WGS1_A12_2671_HennigerSteer3 | C213: 240429_AngusSteers2 | E213: Insufficient Coverage | F213: =SUMIF(raw_seqs!$B:$B, A213, raw_seqs!$C:$C)+SUMIF(raw_seqs!$B:$B, A213, raw_seqs!$D:$D) -> 62976324 | G213: =(F213*150)/2700000000 -> 3.4986847
A214: WGS1_A2_3052_HennigerSteer3 | C214: 240429_AngusSteers2 | E214: Insufficient Coverage | F214: =SUMIF(raw_seqs!$B:$B, A214, raw_seqs!$C:$C)+SUMIF(raw_seqs!$B:$B, A214, raw_seqs!$D:$D) -> 53776364 | G214: =(F214*150)/2700000000 -> 2.9875758
A215: WGS1_A3_1932_HennigerSteer3 | C215: 240429_AngusSteers2 | E215: Insufficient Coverage | F215: =SUMIF(raw_seqs!$B:$B, A215, raw_seqs!$C:$C)+SUMIF(raw_seqs!$B:$B, A215, raw_seqs!$D:$D) -> 46656666 | G215: =(F215*150)/2700000000 -> 2.592037
A216: WGS1_A4_3591_HennigerSteer3 | C216: 240429_AngusSteers2 | E216: Insufficient Coverage | F216: =SUMIF(raw_seqs!$B:$B, A216, raw_seqs!$C:$C)+SUMIF(raw_seqs!$B:$B, A216, raw_seqs!$D:$D) -> 48614746 | G216: =(F216*150)/2700000000 -> 2.7008192
A217: WGS1_A5_147_HennigerSteer3 | C217: 240429_AngusSteers2 | E217: Insufficient Coverage | F217: =SUMIF(raw_seqs!$B:$B, A217, raw_seqs!$C:$C)+SUMIF(raw_seqs!$B:$B, A217, raw_seqs!$D:$D) -> 46739412 | G217: =(F217*150)/2700000000 -> 2.596634
A218: WGS1_A6_173_HennigerSteer3 | C218: 240429_AngusSteers2 | E218: Insufficient Coverage | F218: =SUMIF(raw_seqs!$B:$B, A218, raw_seqs!$C:$C)+SUMIF(raw_seqs!$B:$B, A218, raw_seqs!$D:$D) -> 68570840 | G218: =(F218*150)/2700000000 -> 3.8094911
A219: WGS1_A7_3731_HennigerSteer3 | C219: 240429_AngusSteers2 | E219: Insufficient Coverage | F219: =SUMIF(raw_seqs!$B:$B, A219, raw_seqs!$C:$C)+SUMIF(raw_seqs!$B:$B, A219, raw_seqs!$D:$D) -> 53234524 | G219: =(F219*150)/2700000000 -> 2.9574736
A220: WGS1_A8_2472_HennigerSteer3 | C220: 240429_AngusSteers2 | E220: Insufficient Coverage | F220: =SUMIF(raw_seqs!$B:$B, A220, raw_seqs!$C:$C)+SUMIF(raw_seqs!$B:$B, A220, raw_seqs!$D:$D) -> 49519970 | G220: =(F220*150)/2700000000 -> 2.7511094
A221: WGS1_A9_1772_HennigerSteer3 | C221: 240429_AngusSteers2 | E221: Insufficient Coverage | F221: =SUMIF(raw_seqs!$B:$B, A221, raw_seqs!$C:$C)+SUMIF(raw_seqs!$B:$B, A221, raw_seqs!$D:$D) -> 51643380 | G221: =(F221*150)/2700000000 -> 2.8690767
... A453: WGS4_H9_351_HennigerSteer6 | C453: 240429_AngusSteers2 | E453: Insufficient Coverage | F453: =SUMIF(raw_seqs!$B:$B, A453, raw_seqs!$C:$C)+SUMIF(raw_seqs!$B:$B, A453, raw_seqs!$D:$D) -> 47599502 | G453: =(F453*150)/2700000000 -> 2.6444168
A454: C12_7885_RowanBrahCow | B454: ROW-7885 | C454: 240501_BrahCows1 | F454: =SUMIF(raw_seqs!$B:$B, A454, raw_seqs!$C:$C)+SUMIF(raw_seqs!$B:$B, A454, raw_seqs!$D:$D) -> 221332808 | G454: =(F454*150)/2700000000 -> 12.296267
A455: D12_7888_RowanBrahCow | B455: ROW-7888 | C455: 240501_BrahCows1 | F455: =SUMIF(raw_seqs!$B:$B, A455, raw_seqs!$C:$C)+SUMIF(raw_seqs!$B:$B, A455, raw_seqs!$D:$D) -> 278037546 | G455: =(F455*150)/2700000000 -> 15.44653
A456: E12_7889_RowanBrahCow | B456: ROW-7889 | C456: 240501_BrahCows1 | F456: =SUMIF(raw_seqs!$B:$B, A456, raw_seqs!$C:$C)+SUMIF(raw_seqs!$B:$B, A456, raw_seqs!$D:$D) -> 235399130 | G456: =(F456*150)/2700000000 -> 13.077729
A457: F12_7890_RowanBrahCow | B457: ROW-7890 | C457: 240501_BrahCows1 | F457: =SUMIF(raw_seqs!$B:$B, A457, raw_seqs!$C:$C)+SUMIF(raw_seqs!$B:$B, A457, raw_seqs!$D:$D) -> 303411022 | G457: =(F457*150)/2700000000 -> 16.856168
A458: G12_7891_RowanBrahCow | B458: ROW-7891 | C458: 240501_BrahCows1 | F458: =SUMIF(raw_seqs!$B:$B, A458, raw_seqs!$C:$C)+SUMIF(raw_seqs!$B:$B, A458, raw_seqs!$D:$D) -> 248596688 | G458: =(F458*150)/2700000000 -> 13.810927
A459: H12_7892_RowanBrahCow | B459: ROW-7892 | C459: 240501_BrahCows1 | F459: =SUMIF(raw_seqs!$B:$B, A459, raw_seqs!$C:$C)+SUMIF(raw_seqs!$B:$B, A459, raw_seqs!$D:$D) -> 210887306 | G459: =(F459*150)/2700000000 -> 11.715961
A460: A10_443K_LeifWGS | B460: UIUC-443K | C460: 240501_KSH | F460: =SUMIF(raw_seqs!$B:$B, A460, raw_seqs!$C:$C)+SUMIF(raw_seqs!$B:$B, A460, raw_seqs!$D:$D) -> 239192956 | G460: =(F460*150)/2700000000 -> 13.288498
A461: A11_588K_LeifWGS | B461: UIUC-588K | C461: 240501_KSH | F461: =SUMIF(raw_seqs!$B:$B, A461, raw_seqs!$C:$C)+SUMIF(raw_seqs!$B:$B, A461, raw_seqs!$D:$D) -> 257107190 | G461: =(F461*150)/2700000000 -> 14.283733
A462: A12_734K_LeifWGS | B462: UIUC-734K | C462: 240501_KSH | F462: =SUMIF(raw_seqs!$B:$B, A462, raw_seqs!$C:$C)+SUMIF(raw_seqs!$B:$B, A462, raw_seqs!$D:$D) -> 244870414 | G462: =(F462*150)/2700000000 -> 13.603912
A463: A2_262F_LeifWGS | B463: UIUC-262F | C463: 240501_KSH | F463: =SUMIF(raw_seqs!$B:$B, A463, raw_seqs!$C:$C)+SUMIF(raw_seqs!$B:$B, A463, raw_seqs!$D:$D) -> 310230994 | G463: =(F463*150)/2700000000 -> 17.235055
A464: A3_410F_LeifWGS | B464: UIUC-410F | C464: 240501_KSH | F464: =SUMIF(raw_seqs!$B:$B, A464, raw_seqs!$C:$C)+SUMIF(raw_seqs!$B:$B, A464, raw_seqs!$D:$D) -> 263898084 | G464: =(F464*150)/2700000000 -> 14.661005
A465: A4_157K_LeifWGS | B465: UIUC-157K | C465: 240501_KSH | F465: =SUMIF(raw_seqs!$B:$B, A465, raw_seqs!$C:$C)+SUMIF(raw_seqs!$B:$B, A465, raw_seqs!$D:$D) -> 236533262 | G465: =(F465*150)/2700000000 -> 13.140737
... A510: E7_629K_LeifWGS | B510: UIUC-629K | C510: 240501_KSH | F510: =SUMIF(raw_seqs!$B:$B, A510, raw_seqs!$C:$C)+SUMIF(raw_seqs!$B:$B, A510, raw_seqs!$D:$D) -> 184353602 | G510: =(F510*150)/2700000000 -> 10.241867
A511: E8_116K_LeifWGS | B511: UIUC-116K | C511: 240501_KSH | E511: GC Content | F511: =SUMIF(raw_seqs!$B:$B, A511, raw_seqs!$C:$C)+SUMIF(raw_seqs!$B:$B, A511, raw_seqs!$D:$D) -> 160832408 | G511: =(F511*150)/2700000000 -> 8.9351338
A512: E9_230K_LeifWGS | B512: UIUC-230K | C512: 240501_KSH | F512: =SUMIF(raw_seqs!$B:$B, A512, raw_seqs!$C:$C)+SUMIF(raw_seqs!$B:$B, A512, raw_seqs!$D:$D) -> 163366704 | G512: =(F512*150)/2700000000 -> 9.075928
A513: F1_519F_LeifWGS | B513: UIUC-519F | C513: 240501_KSH | F513: =SUMIF(raw_seqs!$B:$B, A513, raw_seqs!$C:$C)+SUMIF(raw_seqs!$B:$B, A513, raw_seqs!$D:$D) -> 206272948 | G513: =(F513*150)/2700000000 -> 11.459608
A514: F10_556K_LeifWGS | B514: UIUC-556K | C514: 240501_KSH | F514: =SUMIF(raw_seqs!$B:$B, A514, raw_seqs!$C:$C)+SUMIF(raw_seqs!$B:$B, A514, raw_seqs!$D:$D) -> 232653298 | G514: =(F514*150)/2700000000 -> 12.925183
A515: F11_668K_LeifWGS | B515: UIUC-668K | C515: 240501_KSH | F515: =SUMIF(raw_seqs!$B:$B, A515, raw_seqs!$C:$C)+SUMIF(raw_seqs!$B:$B, A515, raw_seqs!$D:$D) -> 228031172 | G515: =(F515*150)/2700000000 -> 12.668398
A516: F3_122K_LeifWGS | B516: UIUC-122K | C516: 240501_KSH | F516: =SUMIF(raw_seqs!$B:$B, A516, raw_seqs!$C:$C)+SUMIF(raw_seqs!$B:$B, A516, raw_seqs!$D:$D) -> 203131028 | G516: =(F516*150)/2700000000 -> 11.285057
A517: F4_196K_LeifWGS | B517: UIUC-196K | C517: 240501_KSH | E517: Coverage | F517: =SUMIF(raw_seqs!$B:$B, A517, raw_seqs!$C:$C)+SUMIF(raw_seqs!$B:$B, A517, raw_seqs!$D:$D) -> 94498836 | G517: =(F517*150)/2700000000 -> 5.2499353
A518: F5_316K_LeifWGS | B518: UIUC-316K | C518: 240501_KSH | F518: =SUMIF(raw_seqs!$B:$B, A518, raw_seqs!$C:$C)+SUMIF(raw_seqs!$B:$B, A518, raw_seqs!$D:$D) -> 177108892 | G518: =(F518*150)/2700000000 -> 9.8393829
A519: F6_579K_LeifWGS | B519: UIUC-579K | C519: 240501_KSH | F519: =SUMIF(raw_seqs!$B:$B, A519, raw_seqs!$C:$C)+SUMIF(raw_seqs!$B:$B, A519, raw_seqs!$D:$D) -> 226297096 | G519: =(F519*150)/2700000000 -> 12.572061
A520: F7_637K_LeifWGS | B520: UIUC-637K | C520: 240501_KSH | F520: =SUMIF(raw_seqs!$B:$B, A520, raw_seqs!$C:$C)+SUMIF(raw_seqs!$B:$B, A520, raw_seqs!$D:$D) -> 168338836 | G520: =(F520*150)/2700000000 -> 9.3521576
A521: F8_127K_LeifWGS | B521: UIUC-127K | C521: 240501_KSH | F521: =SUMIF(raw_seqs!$B:$B, A521, raw_seqs!$C:$C)+SUMIF(raw_seqs!$B:$B, A521, raw_seqs!$D:$D) -> 199917150 | G521: =(F521*150)/2700000000 -> 11.106508
A522: F9_352K_LeifWGS | B522: UIUC-352K | C522: 240501_KSH | F522: =SUMIF(raw_seqs!$B:$B, A522, raw_seqs!$C:$C)+SUMIF(raw_seqs!$B:$B, A522, raw_seqs!$D:$D) -> 228659416 | G522: =(F522*150)/2700000000 -> 12.703301
A523: G1_381F_LeifWGS | B523: UIUC-381F | C523: 240501_KSH | F523: =SUMIF(raw_seqs!$B:$B, A523, raw_seqs!$C:$C)+SUMIF(raw_seqs!$B:$B, A523, raw_seqs!$D:$D) -> 271394840 | G523: =(F523*150)/2700000000 -> 15.077491
A524: G10_559K_LeifWGS | B524: UIUC-559K | C524: 240501_KSH | F524: =SUMIF(raw_seqs!$B:$B, A524, raw_seqs!$C:$C)+SUMIF(raw_seqs!$B:$B, A524, raw_seqs!$D:$D) -> 171095910 | G524: =(F524*150)/2700000000 -> 9.5053283
A525: G11_669K_LeifWGS | B525: UIUC-669K | C525: 240501_KSH | F525: =SUMIF(raw_seqs!$B:$B, A525, raw_seqs!$C:$C)+SUMIF(raw_seqs!$B:$B, A525, raw_seqs!$D:$D) -> 194562658 | G525: =(F525*150)/2700000000 -> 10.809037
A526: G2_471F_LeifWGS | B526: UIUC-471F | C526: 240501_KSH | F526: =SUMIF(raw_seqs!$B:$B, A526, raw_seqs!$C:$C)+SUMIF(raw_seqs!$B:$B, A526, raw_seqs!$D:$D) -> 254561294 | G526: =(F526*150)/2700000000 -> 14.142294
A527: G3_126K_LeifWGS | B527: UIUC-126K | C527: 240501_KSH | F527: =SUMIF(raw_seqs!$B:$B, A527, raw_seqs!$C:$C)+SUMIF(raw_seqs!$B:$B, A527, raw_seqs!$D:$D) -> 209837372 | G527: =(F527*150)/2700000000 -> 11.657632
A528: G4_206K_LeifWGS | B528: UIUC-206K | C528: 240501_KSH | F528: =SUMIF(raw_seqs!$B:$B, A528, raw_seqs!$C:$C)+SUMIF(raw_seqs!$B:$B, A528, raw_seqs!$D:$D) -> 199411358 | G528: =(F528*150)/2700000000 -> 11.078409
A529: G5_442K_LeifWGS | B529: UIUC-442K | C529: 240501_KSH | F529: =SUMIF(raw_seqs!$B:$B, A529, raw_seqs!$C:$C)+SUMIF(raw_seqs!$B:$B, A529, raw_seqs!$D:$D) -> 207631198 | G529: =(F529*150)/2700000000 -> 11.535067
... A595: Beever_JSpyder_FHVH | B595: MHBA-FHVH | C595: 240725_Herf2 | F595: =SUMIF(raw_seqs!$B:$B, A595, raw_seqs!$C:$C)+SUMIF(raw_seqs!$B:$B, A595, raw_seqs!$D:$D) -> 204591678 | G595: =(F595*150)/2700000000 -> 11.366204
A596: Beever_JSpyder_J11 | C596: 240725_Herf2 | E596: GC Content | F596: =SUMIF(raw_seqs!$B:$B, A596, raw_seqs!$C:$C)+SUMIF(raw_seqs!$B:$B, A596, raw_seqs!$D:$D) -> 212290352 | G596: =(F596*150)/2700000000 -> 11.793908
A597: Beever_JSpyder_JS | B597: MHBA-JS | C597: 240725_Herf2 | F597: =SUMIF(raw_seqs!$B:$B, A597, raw_seqs!$C:$C)+SUMIF(raw_seqs!$B:$B, A597, raw_seqs!$D:$D) -> 261677546 | G597: =(F597*150)/2700000000 -> 14.537641
A598: Beever_JSpyder_JS70 | C598: 240725_Herf2 | E598: Coverage | F598: =SUMIF(raw_seqs!$B:$B, A598, raw_seqs!$C:$C)+SUMIF(raw_seqs!$B:$B, A598, raw_seqs!$D:$D) -> 137566358 | G598: =(F598*150)/2700000000 -> 7.6425754
A599: Beever_JSpyder_JS75 | C599: 240725_Herf2 | E599: GC Content | F599: =SUMIF(raw_seqs!$B:$B, A599, raw_seqs!$C:$C)+SUMIF(raw_seqs!$B:$B, A599, raw_seqs!$D:$D) -> 245536360 | G599: =(F599*150)/2700000000 -> 13.640909
A600: Beever_JSpyder_JS76 | C600: 240725_Herf2 | E600: GC Content | F600: =SUMIF(raw_seqs!$B:$B, A600, raw_seqs!$C:$C)+SUMIF(raw_seqs!$B:$B, A600, raw_seqs!$D:$D) -> 243009772 | G600: =(F600*150)/2700000000 -> 13.500543
A601: Beever_McStuder | B601: DERM-McStuder | C601: 240725_Herf2 | F601: =SUMIF(raw_seqs!$B:$B, A601, raw_seqs!$C:$C)+SUMIF(raw_seqs!$B:$B, A601, raw_seqs!$D:$D) -> 270780158 | G601: =(F601*150)/2700000000 -> 15.043342
A602: Beever_Network_Offspring1868 | B602: DWARF-Dam | C602: 240725_Herf2 | D602: dwarfism I think | F602: =SUMIF(raw_seqs!$B:$B, A602, raw_seqs!$C:$C)+SUMIF(raw_seqs!$B:$B, A602, raw_seqs!$D:$D) -> 252488486 | G602: =(F602*150)/2700000000 -> 14.027138
...

Sheet raw_seqs
A1: Sample | B1: Sample | C1: Unique Reads | D1: Duplicate Reads
A2: Brink_A3_230828_S96_L001_R1_001 | B2: Brink_A3_230828 | C2: 22530653 | D2: 7111639
A3: Brink_A3_230828_S96_L001_R2_001 | B3: Brink_A3_230828 | C3: 23021230 | D3: 6621062
A4: Brink_A3_230828_S96_L002_R1_001 | B4: Brink_A3_230828 | C4: 23847631 | D4: 6167216
A5: Brink_A3_230828_S96_L002_R2_001 | B5: Brink_A3_230828 | C5: 24294657 | D5: 5720190
A6: Brink_A3_230828_S96_L003_R1_001 | B6: Brink_A3_230828 | C6: 22905974 | D6: 5583125
A7: Brink_A3_230828_S96_L003_R2_001 | B7: Brink_A3_230828 | C7: 23292063 | D7: 5197036
A8: Brink_A3_230828_S96_L004_R1_001 | B8: Brink_A3_230828 | C8: 22808170 | D8: 5351959
A9: Brink_A3_230828_S96_L004_R2_001 | B9: Brink_A3_230828 | C9: 23108995 | D9: 5051134
A10: Brink_B3_230828_S97_L001_R1_001 | B10: Brink_B3_230828 | C10: 22428577 | D10: 6172957
A11: Brink_B3_230828_S97_L001_R2_001 | B11: Brink_B3_230828 | C11: 22701418 | D11: 5900116
A12: Brink_B3_230828_S97_L002_R1_001 | B12: Brink_B3_230828 | C12: 23353361 | D12: 5102716
A13: Brink_B3_230828_S97_L002_R2_001 | B13: Brink_B3_230828 | C13: 23615190 | D13: 4840887
... A577: MixWGS1_2B12_230828_S89_L004_R2_001 | B577: MixWGS1_2B12_230828 | C577: 27262747 | D577: 6211860
A578: Sample | B578: Sample | C578: Unique Reads | D578: Duplicate Reads
A579: WGS2_A1_230929_S1_L001_R1_001 | B579: WGS2_A1_230929 | C579: 48541838 | D579: 15191749
A580: WGS2_A1_230929_S1_L001_R2_001 | B580: WGS2_A1_230929 | C580: 49162376 | D580: 14571211
A581: WGS2_A1_230929_S1_L002_R1_001 | B581: WGS2_A1_230929 | C581: 47695848 | D581: 14578167
A582: WGS2_A1_230929_S1_L002_R2_001 | B582: WGS2_A1_230929 | C582: 48288781 | D582: 13985234
A583: WGS2_A2_230929_S9_L001_R1_001 | B583: WGS2_A2_230929 | C583: 45090200 | D583: 14227017
A584: WGS2_A2_230929_S9_L001_R2_001 | B584: WGS2_A2_230929 | C584: 45613649 | D584: 13703568
A585: WGS2_A2_230929_S9_L002_R1_001 | B585: WGS2_A2_230929 | C585: 44311189 | D585: 13767733
A586: WGS2_A2_230929_S9_L002_R2_001 | B586: WGS2_A2_230929 | C586: 44925739 | D586: 13153183
A587: WGS2_A3_230929_S17_L001_R1_001 | B587: WGS2_A3_230929 | C587: 45325681 | D587: 14439125
A588: WGS2_A3_230929_S17_L001_R2_001 | B588: WGS2_A3_230929 | C588: 45799302 | D588: 13965504
A589: WGS2_A3_230929_S17_L002_R1_001 | B589: WGS2_A3_230929 | C589: 44657786 | D589: 14059869
A590: WGS2_A3_230929_S17_L002_R2_001 | B590: WGS2_A3_230929 | C590: 45207459 | D590: 13510196
... A714: WGS2_H4_230929_S32_L002_R2_001 | B714: WGS2_H4_230929 | C714: 37991585 | D714: 10624501
A715: Sample | B715: Sample | C715: Unique Reads | D715: Duplicate Reads
A716: WGS3_A10_2710_HennigerSteer5_2024_S209_L003_R1_001 | B716: WGS3_A10_2710_HennigerSteer5_2024 | C716: 10075952 | D716: 4867890
A717: WGS3_A10_2710_HennigerSteer5_2024_S209_L003_R2_001 | B717: WGS3_A10_2710_HennigerSteer5_2024 | C717: 10188480 | D717: 4755362
A718: WGS3_A11_1850_HennigerSteer5_2024_S217_L003_R1_001 | B718: WGS3_A11_1850_HennigerSteer5_2024 | C718: 10320627 | D718: 5383621
A719: WGS3_A11_1850_HennigerSteer5_2024_S217_L003_R2_001 | B719: WGS3_A11_1850_HennigerSteer5_2024 | C719: 10457799 | D719: 5246449
A720: WGS3_A12_1430_HennigerSteer5_2024_S225_L003_R1_001 | B720: WGS3_A12_1430_HennigerSteer5_2024 | C720: 11066875 | D720: 5804755
A721: WGS3_A12_1430_HennigerSteer5_2024_S225_L003_R2_001 | B721: WGS3_A12_1430_HennigerSteer5_2024 | C721: 11180770 | D721: 5690860
A722: WGS3_A1_570_HennigerSteer5_2024_S137_L003_R1_001 | B722: WGS3_A1_570_HennigerSteer5_2024 | C722: 11332883 | D722: 5974197
A723: WGS3_A1_570_HennigerSteer5_2024_S137_L003_R2_001 | B723: WGS3_A1_570_HennigerSteer5_2024 | C723: 11531455 | D723: 5775625
A724: WGS3_A2_1910_HennigerSteer5_2024_S145_L003_R1_001 | B724: WGS3_A2_1910_HennigerSteer5_2024 | C724: 10792585 | D724: 5162385
A725: WGS3_A2_1910_HennigerSteer5_2024_S145_L003_R2_001 | B725: WGS3_A2_1910_HennigerSteer5_2024 | C725: 10884557 | D725: 5070413
A726: WGS3_A3_2810_HennigerSteer5_2024_S153_L003_R1_001 | B726: WGS3_A3_2810_HennigerSteer5_2024 | C726: 11281926 | D726: 6261336
A727: WGS3_A3_2810_HennigerSteer5_2024_S153_L003_R2_001 | B727: WGS3_A3_2810_HennigerSteer5_2024 | C727: 11415720 | D727: 6127542
... A907: WGS3_H9_3030_HennigerSteer5_2024_S208_L003_R2_001 | B907: WGS3_H9_3030_HennigerSteer5_2024 | C907: 10436976 | D907: 4951212
A908: Sample | B908: Sample | C908: Unique Reads | D908: Duplicate Reads
A909: WGS2_A9_A_RowanHetSemen_2024_S235_L003_R1_001 | B909: WGS2_A9_A_RowanHetSemen_2024 | C909: 158865172 | D909: 111421263
A910: WGS2_A9_A_RowanHetSemen_2024_S235_L003_R2_001 | B910: WGS2_A9_A_RowanHetSemen_2024 | C910: 161641297 | D910: 108645138
A911: WGS2_B9_TM_RowanHetSemen_2024_S236_L003_R1_001 | B911: WGS2_B9_TM_RowanHetSemen_2024 | C911: 159493985 | D911: 116006006
A912: WGS2_B9_TM_RowanHetSemen_2024_S236_L003_R2_001 | B912: WGS2_B9_TM_RowanHetSemen_2024 | C912: 163842536 | D912: 111657455
A913: WGS2_C9_M_RowanHetSemen_2024_S237_L003_R1_001 | B913: WGS2_C9_M_RowanHetSemen_2024 | C913: 153577532 | D913: 110821319
A914: WGS2_C9_M_RowanHetSemen_2024_S237_L003_R2_001 | B914: WGS2_C9_M_RowanHetSemen_2024 | C914: 154494579 | D914: 109904272
A915: WGS2_D9_JM_RowanHetSemen_2024_S238_L003_R1_001 | B915: WGS2_D9_JM_RowanHetSemen_2024 | C915: 138924717 | D915: 95475077
A916: WGS2_D9_JM_RowanHetSemen_2024_S238_L003_R2_001 | B916: WGS2_D9_JM_RowanHetSemen_2024 | C916: 141609679 | D916: 92790115
A917: WGS2_G8_CI_RowanHetSemen_2024_S233_L003_R1_001 | B917: WGS2_G8_CI_RowanHetSemen_2024 | C917: 198089266 | D917: 151591551
A918: WGS2_G8_CI_RowanHetSemen_2024_S233_L003_R2_001 | B918: WGS2_G8_CI_RowanHetSemen_2024 | C918: 199598680 | D918: 150082137
A919: WGS2_H8_ABBA_RowanHetSemen_2024_S234_L003_R1_001 | B919: WGS2_H8_ABBA_RowanHetSemen_2024 | C919: 153170781 | D919: 100673297
A920: WGS2_H8_ABBA_RowanHetSemen_2024_S234_L003_R2_001 | B920: WGS2_H8_ABBA_RowanHetSemen_2024 | C920: 155089800 | D920: 98754278
A921: Sample | B921: Sample | C921: Unique Reads | D921: Duplicate Reads
A922: WGS1_A10_2051_HennigerSteer3_S72_L001_R1_001 | B922: WGS1_A10_2051_HennigerSteer3 | C922: 9785046 | D922: 5068016
A923: WGS1_A10_2051_HennigerSteer3_S72_L001_R2_001 | B923: WGS1_A10_2051_HennigerSteer3 | C923: 9788297 | D923: 5064765
A924: WGS1_A10_2051_HennigerSteer3_S72_L002_R1_001 | B924: WGS1_A10_2051_HennigerSteer3 | C924: 9836977 | D924: 4968435
A925: WGS1_A10_2051_HennigerSteer3_S72_L002_R2_001 | B925: WGS1_A10_2051_HennigerSteer3 | C925: 9870762 | D925: 4934650
A926: WGS1_A11_2952_HennigerSteer3_S80_L001_R1_001 | B926: WGS1_A11_2952_HennigerSteer3 | C926: 9418728 | D926: 5146264
A927: WGS1_A11_2952_HennigerSteer3_S80_L001_R2_001 | B927: WGS1_A11_2952_HennigerSteer3 | C927: 9441399 | D927: 5123593
A928: WGS1_A11_2952_HennigerSteer3_S80_L002_R1_001 | B928: WGS1_A11_2952_HennigerSteer3 | C928: 9472224 | D928: 5071413
A929: WGS1_A11_2952_HennigerSteer3_S80_L002_R2_001 | B929: WGS1_A11_2952_HennigerSteer3 | C929: 9537611 | D929: 5006026
A930: WGS1_A12_2671_HennigerSteer3_S88_L001_R1_001 | B930: WGS1_A12_2671_HennigerSteer3 | C930: 10521762 | D930: 5281875
A931: WGS1_A12_2671_HennigerSteer3_S88_L001_R2_001 | B931: WGS1_A12_2671_HennigerSteer3 | C931: 10481202 | D931: 5322435
A932: WGS1_A12_2671_HennigerSteer3_S88_L002_R1_001 | B932: WGS1_A12_2671_HennigerSteer3 | C932: 10549372 | D932: 5135153
A933: WGS1_A12_2671_HennigerSteer3_S88_L002_R2_001 | B933: WGS1_A12_2671_HennigerSteer3 | C933: 10522661 | D933: 5161864
... A1933: WGS4_H9_351_HennigerSteer6_S229_L002_R2_001 | B1933: WGS4_H9_351_HennigerSteer6 | C1933: 8089656 | D1933: 3917655
A1934: Sample | B1934: Sample | C1934: Unique Reads | D1934: Duplicate Reads
A1935: C12_7885_RowanBrahCow_S85_L001_R1_001 | B1935: C12_7885_RowanBrahCow | C1935: 22325985 | D1935: 6742851
A1936: C12_7885_RowanBrahCow_S85_L001_R2_001 | B1936: C12_7885_RowanBrahCow | C1936: 22087673 | D1936: 6981163
A1937: C12_7885_RowanBrahCow_S85_L002_R1_001 | B1937: C12_7885_RowanBrahCow | C1937: 21660727 | D1937: 6063460
A1938: C12_7885_RowanBrahCow_S85_L002_R2_001 | B1938: C12_7885_RowanBrahCow | C1938: 21395257 | D1938: 6328930
A1939: C12_7885_RowanBrahCow_S85_L003_R1_001 | B1939: C12_7885_RowanBrahCow | C1939: 21324027 | D1939: 5609300
A1940: C12_7885_RowanBrahCow_S85_L003_R2_001 | B1940: C12_7885_RowanBrahCow | C1940: 21012614 | D1940: 5920713
A1941: C12_7885_RowanBrahCow_S85_L004_R1_001 | B1941: C12_7885_RowanBrahCow | C1941: 21488731 | D1941: 5451323
A1942: C12_7885_RowanBrahCow_S85_L004_R2_001 | B1942: C12_7885_RowanBrahCow | C1942: 21199626 | D1942: 5740428
A1943: D12_7888_RowanBrahCow_S86_L001_R1_001 | B1943: D12_7888_RowanBrahCow | C1943: 27640342 | D1943: 9016417
A1944: D12_7888_RowanBrahCow_S86_L001_R2_001 | B1944: D12_7888_RowanBrahCow | C1944: 27723704 | D1944: 8933055
A1945: D12_7888_RowanBrahCow_S86_L002_R1_001 | B1945: D12_7888_RowanBrahCow | C1945: 26774914 | D1945: 8061437
A1946: D12_7888_RowanBrahCow_S86_L002_R2_001 | B1946: D12_7888_RowanBrahCow | C1946: 26850513 | D1946: 7985838
... A1982: H12_7892_RowanBrahCow_S90_L004_R2_001 | B1982: H12_7892_RowanBrahCow | C1982: 20513741 | D1982: 5111235
A1983: Sample | B1983: Sample | C1983: Unique Reads | D1983: Duplicate Reads
A1984: A10_443K_LeifWGS_S67_L001_R1_001 | B1984: A10_443K_LeifWGS | C1984: 23737356 | D1984: 7416118
A1985: A10_443K_LeifWGS_S67_L001_R2_001 | B1985: A10_443K_LeifWGS | C1985: 23808190 | D1985: 7345284
A1986: A10_443K_LeifWGS_S67_L002_R1_001 | B1986: A10_443K_LeifWGS | C1986: 23277007 | D1986: 6685093
A1987: A10_443K_LeifWGS_S67_L002_R2_001 | B1987: A10_443K_LeifWGS | C1987: 23265598 | D1987: 6696502
A1988: A10_443K_LeifWGS_S67_L003_R1_001 | B1988: A10_443K_LeifWGS | C1988: 22941307 | D1988: 6239790
A1989: A10_443K_LeifWGS_S67_L003_R2_001 | B1989: A10_443K_LeifWGS | C1989: 22944682 | D1989: 6236415
A1990: A10_443K_LeifWGS_S67_L004_R1_001 | B1990: A10_443K_LeifWGS | C1990: 23224806 | D1990: 6075001
A1991: A10_443K_LeifWGS_S67_L004_R2_001 | B1991: A10_443K_LeifWGS | C1991: 23141168 | D1991: 6158639
A1992: A11_588K_LeifWGS_S75_L001_R1_001 | B1992: A11_588K_LeifWGS | C1992: 25825096 | D1992: 7929417
A1993: A11_588K_LeifWGS_S75_L001_R2_001 | B1993: A11_588K_LeifWGS | C1993: 25700462 | D1993: 8054051
A1994: A11_588K_LeifWGS_S75_L002_R1_001 | B1994: A11_588K_LeifWGS | C1994: 25082727 | D1994: 7113586
A1995: A11_588K_LeifWGS_S75_L002_R2_001 | B1995: A11_588K_LeifWGS | C1995: 24951713 | D1995: 7244600
... A2655: H9_441K_LeifWGS_S66_L004_R2_001 | B2655: H9_441K_LeifWGS | C2655: 20739075 | D2655: 5515918
A2656: Sample | B2656: Sample | C2656: Unique Reads | D2656: Duplicate Reads
A2657: WGS2_A10_7857_RowanBrahCow_S5_L001_R1_001 | B2657: WGS2_A10_7857_RowanBrahCow | C2657: 51570657 | D2657: 44441889
A2658: WGS2_A10_7857_RowanBrahCow_S5_L001_R2_001 | B2658: WGS2_A10_7857_RowanBrahCow | C2658: 52155754 | D2658: 43856792
...

Sheet UTKGenomicsCore Directories
A1: Directory in UTKGenomicsCore/ | B1: What's in it | C1: Use?
A2: 240214_A01770_0066_BH3TTWDSXC | B2: A mix of some RNA-seq projects | C2: No
A3: 240702_A01770_0074_BHWGGJDMXY | B3: ???? Looks like something went wrong | C3: No
A4: 20240724_FS10003266_1_BTR99609-2438 | B4: Some test sequencing by the looks of it | C4: No
A5: 221010_A01770_0017_BHMGW7DRX2 | B5: Renwick's RNA samples. Had some issues, don't remember much else. | C5: No
A6: 221108_A01770_0018_AHF3HVDMXY | B6: My first RNAseq run. Very high levels of rRNA sequence. | C6: No
A7: 230120_A01770_0024_BHVMNKDRX2 | B7: One of Troy's heterosis RNAseq projects. Looks like it has some trim stuff in it for some reason?????? | C7: No
A8: 230207_A01770_0027_BHJ7NNDMXY | B8: Same as 230120 | C8: No
A9: 230215_A01770_0028_AHWKTGDRX2 | B9: Rius & someone else's RNAseq data. Also has the trim thing. | C9: No
A10: 230310_A01770_0030_AHY2L3DRX2 | B10: Takara RNAseq for Rius and same other person, also has trim thing. | C10: No
A11: 230320_A01770_0031_BH2GMMDRX3 | B11: Renwick Takara RNA-seq | C11: No
A12: 230609_A01770_0038_BHKVCHDMXY | B12: Yadav ASNLT, I don't know what this is | C12: No
... A32: 250331_A01770_0099_BHC273DSXF | B32: even more horses | C32: No
A33: 230828_A01770_0046_BHCLVKDSX7 | B33: MixWGS, includes some cattle | C33: Yes | D33: Mix1; herefords and simmentals mostly
A34: 230929_A01770_0058_BHMTN3DMXY | B34: My Charolais | C34: Yes | D34: Charolais
A35: 240212_A01770_0065_AH2J2JDSXC | B35: WGS (Troy Semen and Maddie's Steers; should be usable?) | C35: Yes | D35: HetBulls & AngusSteers1
A36: 240429_A01770_0071_BH3TCYDSXC | B36: Maddie's Steers | C36: Yes | D36: AngusSteers2
A37: 240501_A01770_0072_AHH5VKDSXC | B37: My K's and Shorthorns, also 6 of Troy's Brahman cows | C37: Yes | D37: KSH & BrahCows1
A38: 240712_A01770_0075_BHKJJFDSXC | B38: 28 of Troy's Brahman cows | C38: Yes | D38: BrahCows2
A39: 240725_A01770_0076_BHL32YDSXC | B39: Brahman and Angus Cows, also a mix of Simmentals, dermoids, and cancer eye samples | C39: Yes | D39: BrahAngCows, SimBulls, & Herf3
A40: 240927_A01770_0081_BHKGH5DRX5 | B40: A few random cattle | C40: Yes | D40: Mix2; ASA, herfs, dermoids, angus & brahman
A41: 241210_VL00838_11_AAGGVKLM5 | B41: Some of Erin's Wagyu | C41: Yes | D41: Wagyu1
A42: 250131_A01770_0094_BHT22JDSXC | B42: Some Wagyu, random cattle including 2 of my Charolais | C42: Yes | D42: Wagyu2 & Mix3
A43: 250514_A01770_0103_BH7YYYDSXF | B43: Erin's Wagyu and also some WGS of Maddie's | C43: Yes | D43: Wagyu3 & MH
